source	target	label
had to	ai dû	0
meaning	sens	0
ted	ted	0
chance	chance	0
photo	photo	0
me	me	0
software	logiciel	0
is not that	ne est -ce pas	0
guess	pense que	0
can not help but	ne peuvent pas s' empêcher d'	0
prenatal	prénatal	0
six zero zero	six zéro zéro	0
realize	réaliser	0
web page	page web	0
feel	sentir	0
my time spent	temps que je ai passé	0
interesting	intéressante	0
machines	machines	0
obstacle	obstacle	0
one three zero zero zero	un trois zéro zéro zéro	0
did not	ne ai pas	0
was transformed	s' est transformée	0
there will be	il y en aura	0
need to	devons	0
with	d'	0
words	mots	0
biology	la biologie	0
do	font	0
charming	charmant	0
hard	difficile	0
energy source	source d' énergie	0
many	plusieurs	0
greenland	le groenland	0
picture	une image	0
to the	au	0
edition	édition	0
nasa	la nasa	0
lance armstrong	lance armstrong	0
both	les deux	0
complete	totale	0
shake	secouer	0
intact	intact	0
sea	mer	0
dog	chien	0
show	montre	0
specific	spécifique	0
a lot	beaucoup	0
value	importance	0
come	viens	0
we	on	0
nancy pelosi	nancy pelosi	0
can	peuvent	0
promising	prometteuse	0
the best	le meilleur	0
say	dit	0
maybe	peut-être	0
cartoon application	application de dessin animé	0
while writing	pendant que je écrivais	0
into	en	0
playing	jouer	0
type in	tape	0
saints	saints	0
person	personne	0
over time	avec le temps	0
was afraid that	ai eu peur de	0
microscope	microscope	0
will be	sera	0
dancing	danser	0
manage	gèrent	0
people 's	d' un peuple	0
together	ensemble	0
themselves	eux-mêmes	0
ice	glace	0
absolutely	absolument	0
young	jeunes	0
know	connaissent	0
dropped out	abandonné	0
figured out	découvriez	0
there 's	voilà	0
have been making	avez fait	0
cat	le chat	0
hershey	hershey	0
thank	merci	0
would want	désirons	0
blocks	cubes	0
this is	ça ce est	0
measurable	mesurable	0
truthfully	vraiment	0
disturbed	dérangé	0
part	une partie	0
felix	félix	0
all	tout	0
beauty	la beauté	0
specialized	spécialisées	0
high	haute	0
's	de	0
cancer	le cancer	0
students	les étudiants	0
cold	froids	0
become	devenir	0
encyclopedic	encyclopédique	0
stakes	des enjeux	0
did not view	ne voyaient pas	0
phrase	phrase	0
about	sur	0
as if	comme si	0
soiled	souillée	0
fourth-generation fuels	les carburants de quatrième génération	0
typical	typique	0
the silt	vase	0
sharp	pointu	0
understand	comprendre	0
loved	ont adoré	0
five zero zero zero	cinq zéro zéro zéro	0
fibonacci sequence	suite de fibonacci	0
my	mon	0
a students	étudiants a	0
freeze	gelèrent	0
aimee	aimee	0
into the	en	0
started	avons commencé à	0
quiet	tranquille	0
into the	au	0
flickr images	des images flickr	0
all of us	nous tous	0
of the	des	0
help	aident à	0
solve	résoudre	0
a lot of the	une grande partie du	0
his	son	0
climate change	changement climatique	0
told	ont dit	0
p	p	0
pop-ups	pop-ups	0
data	donnée	0
powerful	puissante	0
in	en	0
say	diront	0
thinking about	penser à	0
will switch on	allumerons	0
make	faisons	0
something rare	quelque chose de rare	0
whether we are	que nous soyons	0
let 's look at	voyons	0
for me	me	0
to me	me	0
bach	bach	0
certain	sûr	0
near antonyms	antonymes proches	0
shock	choc	0
in one nine four six	en un neuf quatre six	0
normalcy	la normalité	0
get me to	me faire	0
re-imagine	réimaginer	0
roughly	en gros	0
double	doubler	0
skills	des compétences	0
would never walk	ne marcheriez jamais	0
the	la	0
stranger	étranger	0
eyes	yeux	0
examples	exemples	0
result	résultat	0
talk about	parle d'	0
existed	existait	0
pun	calembour	0
brought back	a ramené	0
this	l'	0
ever	jamais	0
last	derniers	0
the right	droite	0
emerging	ressortir	0
well	eh bien	0
partnership	partenariat	0
is getting cleaner	est de plus en plus propre	0
sink	sombrer	0
movie	film	0
bond	lien	0
icon	icône	0
carry	transportent	0
mortality chart	tableau de mortalité	0
have	avoir	0
huge	grand	0
anything	tout	0
however	cependant	0
watch	regarder	0
get off	sortir de	0
about	à propos de	0
instances	exemples	0
cold	froid	0
within	d' ici à	0
boot up	démarrer	0
earth	terre	0
that	ce qui	0
stuff	trucs	0
providing	fournir	0
yeast	la levure	0
or older	ou plus	0
steve 's columns	les chroniques de steve	0
happened	est arrivé	0
the way	de la manière qu'	0
side	coté	0
variations	variations	0
of	du	0
putting	mettant	0
error	erreur	0
perceived	perçues	0
might	pourriez	0
iterative	itératif	0
captured	capté	0
remote	éloignées	0
pattie	pattie	0
important	important	0
automation	l' automatisation	0
right away	immédiatement	0
triumphs	triomphes	0
repair	réparent	0
lives	vit	0
application	application	0
others	les autres	0
pathology	pathologie	0
put back to work	remettre au travail	0
servitude	l' esclavage	0
survives	survit	0
laughed	ont rigolé	0
coal	le charbon	0
three zero zero	trois zéro zéro	0
where	où	0
making	rendre	0
building	fabriquant	0
have appeared	sont apparus	0
blocks	des cubes	0
try to	essayer de	0
a second	par seconde	0
wow	wahou	0
long	de long	0
realistic	réaliste	0
hahnemann	hahnemann	0
guy	type	0
tried	tenté	0
vaccine	vaccin	0
this	ceci	0
marshmallows	marshamallow	0
think of	croient	0
innovations	innovations	0
atmosphere	atmosphere	0
plan out	planifier	0
yanomami	yanomami	0
common	commun	0
tells	dit	0
them	leur	0
had we	si nous avions	0
something	quelque chose d'	0
with	par	0
t	t	0
lab	lab	0
dance	danse	0
are not browsing	ne naviguez pas	0
ethnosphere	ethnosphère	0
as you see	comme vous le voyez	0
sterilize	stériliser	0
start	commenzéro zéro	0
as many	plus	0
type	tape	0
human	l' homme	0
my	mes	0
brought about	apportés	0
ma	ma	0
lead	la voix principale	0
thickness	épaisseur	0
as	que	0
go	partir	0
and	et	0
are trying	essayons	0
e. coli	e. coli	0
superconducting	superconducteurs	0
in	de	0
seven five	sept cinq	0
wonder	me demander	0
searching	recherches	0
music	de la musique	0
circulatory diseases	les maladies cardio-vasculaires	0
recognize	reconnaître	0
gratifying	gratifiant	0
useless	inutile	0
map	la carte	0
cellists	violoncellistes	0
totally	entièrement	0
could	pourra	0
started to	a commencé à	0
men	les hommes	0
collective	collectif	0
successive	successifs	0
me	moi	0
know	savez	0
lower	inférieure	0
radical	dramatique	0
that	qu'	0
six	six	0
rage	la rage	0
era	ère	0
the most	les plus	0
understand each other	se comprenne	0
organized	organisé	0
g	g	0
to	du	0
should not	ne devraient plus	0
are focusing	nous concentrons	0
a little bit	un peu	0
weak	faible	0
launched	lancé	0
mysteries	mystères	0
hall	hall	0
music	la musique	0
benefits	les bénéfices	0
etc.	etc.	0
al gore	al gore	0
by	de	0
good	bonne	0
hidden	cachés	0
horrors	horreurs	0
italian american	italo-américain	0
beam particle	faisceau de particules	0
the	le	0
so	ainsi	0
that	qui	0
living	vivant	0
peter skillman	peter skillman	0
up to	jusqu'à	0
thank	remercie	0
fully	pleinement	0
can	puisse	0
web pages	des pages web	0
scientific	scientifique	0
meant	voulait dire qu'	0
extraordinary	incroyable	0
obviously	évidemment	0
took	avons pris	0
catalyst	catalyseur	0
gestures	des gestes	0
medical	médical	0
mountains	montagnes	0
ultimate	finales	0
armband	brassard	0
what	que	0
work	travaille	0
geometrical	géométriques	0
ad	publicité	0
that	ces	0
information	l' information	0
had transferred in	avons transféré	0
discover	découvrez	0
instructions	des instructions	0
have	ayons	0
names	noms	0
prove	prouver	0
seven zero	sept zéro	0
paralyzed	paralysé	0
their	leur	0
played	ai joué	0
faces	des visages	0
triplets	des triplets	0
execute on it	le mettre en oeuvre	0
have been digitizing	numérisons	0
paint buckets	pots de peinture	0
microbes	des microbes	0
find out	découvrir	0
beneath	sous	0
but	cependant	0
music	musique	0
have	avez	0
am	suis	0
in one nine nine six	en un neuf neuf six	0
lama	lama	0
abundant	abondant	0
sibelius	sibelius	0
country	pays	0
desire	désir	0
by	par	0
were moving	passaient	0
atmosphere	atmosphère	0
previous	précédents	0
entry	entrée	0
one zero	un zéro	0
pronounce	prononcer	0
steve	steve	0
have been increasing	augmentent	0
one nine six zero s	les années six zéro	0
views	visualisations	0
as you can see	comme vous le voyez	0
first	en premier	0
actively	activement	0
make sure that	nous assurer d'	0
notice	remarquez	0
million	millions	0
tilting	inclinant	0
crushed	écrasé	0
senile	sénile	0
wall	mur	0
differently	différemment	0
reverb	la réverbération	0
too	trop	0
kindergarten	écoles maternelles	0
survive	survivre	0
are	sommes	0
there 's	il y a	0
los angeles times columnist	le chroniqueur du los angeles times	0
done-in	claqué	0
modern	moderne	0
count	compter	0
project	projet	0
were lost	ont disparu	0
incarcerated	emprisonnée	0
knock out	éliminer	0
chromosomes	chromosomes	0
panoramic	panoramique	0
all of	tous	0
chapter	chapitre	0
a third one	un troisième	0
are	somme	0
passion	passion	0
have not adapted ourselves	ne nous sommes pas adaptés	0
required of	demandé aux	0
cold	froide	0
knows	connaît	0
andes	andes	0
seeing	on voit	0
addiction to	dépendance aux	0
obviously	apparemment	0
kids	les enfants	0
something real	quelque chose de réel	0
object	objet	0
unsettling	dérangeants	0
wrist	poignet	0
way	moyen	0
think	réfléchir	0
to	dans	0
no	aucun ne	0
look like	ressembler	0
x	x	0
this	cela	0
put together	assemble	0
marshmallow challenge	épreuve du marshamallow	0
web	web	0
two zero zero nine	deux zéro zéro neuf	0
television channel	chaîne de télévision	0
speeding up	en accélérant	0
availability	disponibilité	0
known about	connu	0
hollywood special effect	effet spécial de hollywood	0
mangled	abîmé	0
in the	du	0
b	b	0
amazing	stupéfiant	0
blog	blog	0
not	ne plus	0
equation program	programme d' équation	0
gregarious	sociable	0
greatest	plus grande	0
go back	remontent	0
genome	le génome	0
traveled	voyagé	0
gets	devient	0
zone	zone	0
second	seconde	0
because	car	0
contribute	contribuer	0
for	depuis	0
again	à nouveau	0
resolution	résolution	0
violin	violon	0
katey walter	katey walter	0
then	puis	0
future	le futur	0
resources	ressources	0
enough	assez	0
of downtown los angeles	du centre-ville de los angeles	0
so much	tellement	0
an	un	0
yo-yo	yo-yo	0
forest	forêt	0
here	la	0
universally	universellement	0
delusions	délires	0
quite a large	un assez grand	0
negating	de nier	0
tool	outil	0
has not caught up with	ne a pas suivi	0
admin	administratif	0
have to	doivent	0
do we want to	voulons -nous	0
happened	s' est produit	0
illustrated	a illustré	0
occluded	occultées	0
too	également	0
amino acids	acides aminés	0
get around	contourner	0
predictions	prédictions	0
illusion	illusion	0
within	à l' intérieur	0
as	quand	0
did not have a	ne a pas eu d'	0
sentences	des phrases	0
more	davantage de	0
understanding	compréhension	0
contracts	se contractent	0
robust	robuste	0
limited	limités	0
modality	modalité	0
rather	plutôt	0
tilt	incline	0
normalcy	normalité	0
if you will	si vous voulez	0
pouring	de verser	0
beyond	au-delà des	0
diversity	la diversité	0
as	alors que	0
reorganize	réorganiser	0
world records	les records du monde	0
have	a	0
are trying to	essayons de	0
related	lié	0
of	de	0
video	de la vidéo	0
not	non	0
potential	le potentiel	0
something fake	quelque chose de factice	0
purified	avons purifié	0
sanity	la santé mentale	0
for	à	0
that one	celui	0
adaptation	adaptation	0
this	la	0
whole	tout	0
type	type	0
seemed like	semblait	0
want to	voulez	0
make sure	être sûr qu'	0
revelation	révélation	0
african-american	afro-américain	0
confront	affronter	0
the very essence	l' essence même	0
months	mois	0
one four two	un quatre deux	0
july	juillet	0
as	en tant que	0
link	relie	0
on the	aux	0
climate protection	la protection du climat	0
little	petite	0
bands	élastiques	0
bumping up	cognant	0
are working with	travaillons à	0
researcher	chercheur	0
thankfully	heureusement	0
area	secteur	0
most	plus	0
glint	reflet	0
homeland	pays	0
is from	vient d'	0
ask	demandez	0
worked	fonctionnait	0
age	âge	0
innate	innée	0
sticks	bâtons	0
study	étude	0
overcoming	vaincre	0
what does that	qu' est -ce que ça	0
week	semaine	0
image	image	0
oxygen	l' oxygène	0
accidents	accidents	0
here 's	voilà	0
range	étendue	0
opening ourselves up to	nous ouvrir à	0
americans	américains	0
college scholarship	bourse pour la faculté	0
looks like	ressemble	0
it	la	0
magnetism	magnétisme	0
came	sont venus	0
since then	depuis	0
have to say	a à dire	0
two zero zero eight	deux zéro zéro huit	0
the one nine five zero s	les années cinq zéro	0
phrases	des phrases	0
dr. kean	le dr kean	0
useless	inutiles	0
from	des	0
high	élevés	0
cost	coût	0
by ear	à l' oreille	0
results	résultats	0
narwhal	le narwhal	0
apparent	évident	0
fourth symphony	la quatrième symphonie	0
glaciers	des glaciers	0
sun	le soleil	0
pacific	océan pacifique	0
first	premières	0
contained	contenue	0
bartók	bartók	0
be	soit	0
good	bon	0
dreams	rêves	0
water	eau	0
halloween parade	parade d' halloween	0
corner	coin	0
this is	voilà	0
volume siftable	siftable de volume	0
graphics	graphisme	0
by hand	à la main	0
skinned	dépouilla	0
social	social	0
china	la chine	0
me	me	0
ctos	directeurs techniques d' entreprises	0
indicate	indiquer	0
anthropology	l' anthropologie	0
one of	l' une des	0
than	que	0
duped	dupés	0
being	sont	0
at	chez	0
therefore	donc	0
design	le design	0
gupta	gupta	0
this	celle-ci	0
jail	prison	0
all	toute	0
didactic	didactique	0
has	avait	0
who he is	qui ce est	0
yeah	ouais	0
randomly	aléatoirement	0
phi x one seven four	phi x un sept quatre	0
ancient	vieille	0
spirit	esprit	0
until	jusqu'à	0
told	avaient dit	0
co two	dioxyde de carbone	0
think back to	vous souvenir	0
do not worry about	ne vous inquiétez pas du	0
vary	varier	0
see	vois	0
aging	vieillissants	0
at some point	à un certain moment	0
coal facility	centrale à charbon	0
processes	processus	0
as if	comme s'	0
come back	revenir	0
turn upside down	retourner	0
problems	problèmes	0
respected	respectaient	0
which	lesquels	0
fourth-generation fuels	carburants de quatrième génération	0
such	telles	0
fourteenth-century persian	persan du quatorzième siècle	0
position	situation	0
disappeared	disparu	0
defined	déterminée	0
exploding	explose	0
celebrated	célébrée	0
whole	toute	0
restitution	la restitution	0
happened	il est arrivé	0
people	les gens	0
not	ne pas	0
architecture	une architecture	0
bolster	soutenir	0
science	la science	0
article	article	0
was laughing	riais	0
browser	navigateur	0
medicines	des médicaments	0
most of	la plupart	0
assume	assumer	0
rick szeliski	rick szeliski	0
number	nombre	0
are going to	allez	0
do not think so	ne pense pas	0
challenge	défi	0
always	toujours	0
two five	deux cinq	0
metaphor	métaphore	0
had	a	0
at first	au début	0
on	en	0
groups	regroupe	0
when defending	en défendant	0
his	sa	0
for which	dont	0
the computer	ordinateur	0
goal	but	0
straight	directement	0
largest	plus gros	0
want to	souhaitons	0
caribou hide	de la peau de caribou	0
was	était	0
disabled	handicapé	0
three zero billion-plus	plus de trente milliards de	0
two four zero zero zero -letter pieces	des morceaux de deux quatre zéro zéro zéro lettres	0
lame	boiteuses	0
interfaces	interfaces	0
row	row	0
membranes	membranes	0
never	ne jamais	0
entire	toute	0
dive in	plonger	0
time magazine person of the year	personnalité de l' année du magazine time	0
lawyers	avocats	0
u.w.	l' uw	0
imaginative	imaginatif	0
spacing	espaces	0
community	communauté	0
to	d'	0
dr.	dr	0
the next three zero	les trois zéro prochaines	0
siftables	siftables	0
hard labor	travaux forcés	0
nine zero zero zero	neuf milles	0
paranoid	paranoïde	0
walk off	quitter	0
millions	des millions de	0
song	chanson	0
itself	elle-même	0
say	disons	0
talk about	parler de	0
higher	plus haute	0
time	fois	0
typical	le typique	0
d	d	0
could not bear	ne supportait pas	0
not	ne pas	0
molecular	moléculaire	0
remote	lointaines	0
case	cas	0
on	aux	0
browsing history	l' historique de navigation	0
conquer	conquérir	0
really	en fait	0
automatically	automatiquement	0
build	construisent	0
letters	lettres	0
sugar	le sucre	0
restriction enzymes	enzymes de restriction	0
generic	générique	0
started	commençais à	0
campaigns	campagnes	0
while	alors que	0
those	ces	0
comprehensive schools	l' école polyvalente	0
would have	auraient	0
find	trouver	0
likes to	aime	0
tough times	des temps difficiles	0
something fake	quelque chose de faux	0
pictures	photos	0
of course	évidemment	0
syringe	seringue	0
clearly	clairement	0
done-for	fichu	0
here are	voici	0
by	d'	0
jockeying	manoeuvrer	0
deforestation	la déforestation	0
facilitation skills	des compétences de facilitation	0
connected	lié	0
it	l'	0
talking	parlant	0
leading	principales	0
finished	fini	0
she	elle	0
older man	monsieur âgé	0
so much	beaucoup	0
someone	une personne	0
the pitfalls	écueils	0
effective	efficaces	0
images	images	0
experiment	expérience	0
five-year-old	de cinq ans	0
orange	orange	0
open up	ouvre	0
well	alors	0
inventing	inventer	0
new	de nouvelles	0
that to	auquel	0
cross-modal	trans-modale	0
as good as	aussi bonne que	0
seadragon	seadragon	0
this one	celui-ci	0
decade	décennie	0
last	dernières	0
amorphous	amorphe	0
may	pourrait	0
so	et	0
dr. p	dr p	0
some	d' autres	0
seems	semble	0
one zero th of september last year	un zéro septembre de l' année dernière	0
rearranging	réarrange	0
picture	photo	0
huge	gigantesque	0
finally	enfin	0
has been	a été	0
tell	disent	0
scale	échelle	0
energy	énergie	0
trained	entraînés	0
care about	aimons	0
understand	comprennent	0
thorazine	de la thorazine	0
indians	indiens	0
ice floes	banquises de glace	0
fuel	carburant	0
made	avons fait	0
about	vers	0
extremely	extrêmement	0
fade out	diminuer progressivement	0
what works and what does not work	ce qui marche ou pas	0
identify	identifier	0
wanted to	voulais	0
step-by-step	pas à pas	0
played	jouais	0
is	ce est	0
selected	selectionné	0
medicine	médecine	0
without	sans	0
done	faite	0
done-up	retapé	0
look	regardez	0
gingerly	précautionneusement	0
a person 's	d' une personne	0
tell	raconter	0
certainly	certainement	0
fill	charger	0
as	aussi	0
works	marche	0
some	certains	0
instant	instantané	0
get used to the habit of	prenne l' habitude d'	0
steve seitz	steve seitz	0
in this way	de cette façon	0
difference	différence	0
created	créée	0
launch	lancer	0
does not	ne pas	0
bring out	faire sortir	0
photographs	photographies	0
that 's	voilà	0
believe	pensons	0
on one end	d' un coté	0
a	de	0
a lot more	bien plus de	0
behind it	derrière	0
curiosity	curiosité	0
right	juste	0
two four	deux quatre	0
inuit people	inuit	0
marching	marché	0
cambrian	cambrienne	0
far	loin	0
years	années	0
california	la californie	0
recombination	recombinaison	0
would	devrais	0
models	modèles	0
standard of accuracy	précision standard	0
most	le plus	0
live labs pivot	le live labs pivot	0
synthetic	synthétiques	0
want to	veux	0
national	national	0
sovereignty	souveraineté	0
happens	se passe	0
grew up	ai grandi	0
impact	impact	0
admire	admirent	0
italian wired	wired italie	0
heats up	réchauffe	0
whoa	ouah	0
invite	inviter	0
lead	voix principale	0
loved	ai adoré	0
most of the time	la plupart du temps	0
that	ce	0
having	ayant	0
normally	normalement	0
contact sport	sport de contact	0
fish	poissons	0
try it out	essayer	0
did	avons fait	0
drinking water	eau potable	0
last year	l' année dernière	0
gotten past	passé	0
logic games	les jeux de logique	0
gave	ont donné	0
virginia	virginie	0
let	laissez	0
coal technology	technologie du charbon	0
had	avais	0
vaccine	vaccins	0
effect	effet	0
shaman	shaman	0
single	unique	0
especially	particulièrement	0
oceans	océans	0
seek	rechercher	0
existing	existant	0
new	nouveaux	0
frosty	frosty	0
case	exemple	0
exists	existe	0
had	eu	0
smaller	plus petit	0
recognized	a reconnu	0
said	a dit	0
electrical	electrique	0
molecular biology	la biologie moléculaire	0
design software	logiciel de conception	0
thousands of	des milliers de	0
saliva	salive	0
teaching them	leur enseigner	0
interactions	interactions	0
downtown los angeles	centre-ville de los angeles	0
walt	walt	0
tougher	plus difficile	0
cut	supprimer	0
look at	regarder	0
website	site web	0
obvious	évidentes	0
fossil	fossiles	0
come	viennent	0
and	de plus	0
extrapolate	extrapoler	0
people	gens	0
prototype	prototype	0
can	peux	0
library of congress	bibliothèque du congrès	0
trying it out	en train de les essayer	0
all of	toutes	0
do with it	en faire	0
the	ces	0
incorporated	ai insérée	0
click on that	cliquer là-dessus	0
able	capable	0
from	de	0
really	véritablement	0
network effect	effet de réseau	0
dynamic living	vivants et dynamiques	0
pills	cachets	0
hafiz	hafiz	0
key	clé	0
so	très	0
told	a raconté	0
some other time	à un autre moment	0
eastern	oriental	0
that	que	0
four four	quatre quatre	0
built	construit	0
to buckle	se déforme	0
wore	portait	0
alone	seul	0
fade away	disparaître	0
are going to bring	apporteront	0
disposition	tempérament	0
plan	plan	0
whole	entier	0
says	dit	0
leave	laisser	0
their	sa	0
pill	comprimé	0
under-sea	sous-marines	0
physically	physiquement	0
had	avons faite	0
six zero zero zero zero	six zéro zéro zéro zéro	0
met	nous sommes rencontrés	0
feet	les pieds	0
it	ce	0
would seem	semblerait	0
disability	handicap	0
collective	collective	0
worn-out	épuisé	0
navigate	naviguer	0
scene	scène	0
flesh-and-bone	en chair et en os	0
one five six	un cinq six	0
would clean off	nettoierais	0
green	vertes	0
sequenced	avons séquencé	0
take out	enlever	0
quality	qualité	0
colleague	collègue	0
cell	cellule	0
relationship	relation	0
valuable	précieux	0
decided	avons décidé	0
actually	en fait	0
sun	soleil	0
put	placée	0
did not know	ne connaissais pas	0
in full power	à pleine puissance	0
get	ont	0
really	très	0
would ruin	ruine	0
defect	défaut	0
organizing	organiser	0
adults	adultes	0
a lot of	beaucoup de	0
the design	la conception	0
has been increasing	se soit accru	0
toes	orteils	0
understood	a compris	0
emotional	émotionnel	0
climate	climatique	0
view	vue	0
would be able to	pourriez	0
conscious	consciente	0
pivot	pivot	0
hand	main	0
based on	fondé sur	0
came backstage	venu en coulisses	0
campus	campus	0
ask	vous demander	0
professor	la professeur	0
of	des	0
medical school	écoles de médecine	0
great	grande	0
how to	comment	0
about it	en	0
him	le	0
river	rivière	0
data	des données	0
was reading	lisais	0
try	essayez	0
viability	la viabilité	0
done	fait	0
environments	environnements	0
am going to	vais	0
interaction	l' interaction	0
photos	photos	0
micrograph	micrographie	0
repair	réparer	0
some	quelques	0
promised	ai promis	0
myself	moi	0
sum	somme	0
showed	ai présenté	0
had transformed	s' était transformé	0
killed	tué	0
care for	aimons	0
introduced	a présenté	0
disasters	désastres	0
fixed	réparés	0
does not suggest	ne insinue pas	0
shit knife	couteau de merde	0
ethnocide	l' ethnocide	0
you	te	0
was afraid	ai eu peur	0
needless	inutile	0
so	bon	0
dr. kean	le dr. kean	0
spaghetti	spaghettis	0
have to do with	a à voir avec	0
impotent	impuissant	0
structures	structures	0
implications	implications	0
have been interested in	me suis intéressé à	0
converted into	s' est transformée en	0
jacques	jacques	0
over	plus de	0
permit	permet	0
font	police	0
a quarter of a billion dollars	deux cinq zéro millions de dollars	0
experience	expérience	0
looks like	ressemble à	0
nor	ni	0
assault	agression	0
into	dans	0
this	ces	0
gave up	abandonnèrent	0
aware	conscients	0
from	depuis	0
rads	rads	0
would have	aurais	0
eukaryotes	des eucaryotes	0
adapt	s' adapter	0
web	réseau	0
small	de petits	0
pretty	plutôt	0
anyone	quelqu'un	0
lie	mentent	0
had to	devais	0
map	carte	0
hyperlinks	des hyperliens	0
should	devrais	0
types	types	0
six and a half	six virgule cinq	0
they	elles	0
have	aient	0
must	doit	0
email	courriel	0
indigenous	indigène	0
celebrated	célébré	0
for example	par exemple	0
or	ou	0
stars	étoiles	0
pattern	schéma	0
stephen lawler 's	de stephen lawler	0
convert	reconvertir	0
has to do with	a à voir avec	0
search history	historique de recherche	0
mapping	la cartographie	0
our	nos	0
able	capables	0
athletic	athlétique	0
activate	active	0
open	ouvrir	0
will	volonté	0
does	fait	0
greg lemond	greg lemond	0
viewing	voir	0
thank you	merci	0
day	journée	0
move around	déplacer	0
minimal components	des composants minimaux	0
superimposed	superposées	0
will get to see	pouvez voir	1
am thinking	me dis	1
are looking forward to that	allez le vouloir	1
are navigating	parcourons	1
's brought into	a ajouté à	1
have been trying to ask	nous sommes posé	1
three zero zero years from now	dans trois zéro zéro ans	1
a day	par jour	1
a little bit	légèrement	1
a lot of	bon nombre de	1
a short period of time	très peu de temps	1
a short while ago	il y a peu	1
a tiny bit	un peu	1
a ways away from	encore loin de	1
able to	en mesure de	1
about	à peu près	1
about	à propos de	1
about	à propos du	1
achieving	réussir	1
across the world	dans le monde entier	1
after	au bout de	1
again	à nouveau	1
all the people in the world	la population mondiale	1
all the way up to	jusqu'à	1
alternatives	solutions de remplacement	1
am i freaking you out	je te fais peur	1
among the very best	celui des meilleurs	1
and	ainsi que	1
and	eh bien	1
and so on	et autres	1
and so on	et des trucs dans le genre	1
another lake	un de ces lacs	1
any	toute	1
anyone	une seule	1
anything	quoi que ce soit	1
area of land	superficie	1
around	aux alentours de	1
around	dans le coin	1
around	ici et là	1
around the world	au niveau mondial	1
around the world	de par le monde	1
arranging it	pour l' arranger	1
as	au fur et à mesure que	1
as	en tant qu'	1
as	tandis que	1
as	à mesure qu'	1
as	à mesure que	1
as a five year-old child	à cinq ans	1
as quickly as i can	aussi vite que possible	1
as well as	autant qu'	1
at the edge	avant-garde	1
at their most active	les plus actifs	1
at their most frail	les plus fragiles	1
back then	à cette époque	1
back then	à l' époque	1
backing out	vous éloignant	1
bands	élastiques	1
barely	tout juste	1
basically	en gros	1
basketball playoff	tableau d' éliminatoires	1
before she died	avant de mourir	1
beforehand	à l' avance	1
boot up	activer	1
bothered to	s' embêtait à	1
breakdown	rupture	1
build	réaliser	1
butchered	égorger	1
came out of that	en est issue	1
central	primordiale	1
childhood doctor	pédiatre	1
circumnavigate	passer au large des	1
collected	récoltés	1
come up with	arriver à	1
complicate	brouiller	1
continually	toujours	1
crude	rustre	1
dealing with	quand on travaille avec	1
delivered me	me a mise au monde	1
did again	avons refait	1
discovered	identifiée	1
does not have one	ne en a pas	1
doing away with	se débarrasser de	1
drill into	zoomer sur	1
education camp	camp de redressement	1
ended up	nous sommes retrouvés	1
essentially	en gros	1
ever since	depuis ce jour	1
every day	tous les jours	1
fast-forward	vue en accéléré	1
felt uneasy	suis gêné	1
first	pour la première fois	1
fly away	enfuis -toi	1
from	d' après	1
from	suite à	1
from looking at	quand on regarde	1
front page	page d' accueil	1
fully	tout à fait	1
get a sense of	a une idée	1
get into	arrive à	1
gets blown apart	explose	1
getting by	s' en sortir	1
getting tagged	marquées	1
go ahead	continue	1
go ahead	me lancer	1
go down this road	aller dans ce sens	1
good job	bien joué	1
gradually	au fur et à mesure	1
grappling	lutter	1
great	éminente	1
ground level	plus bas niveau	1
had to	a dû	1
has something to do with it	y est pour quelque chose	1
have nothing whatsoever	ne ayant absolument rien	1
have to	a besoin de	1
have to	ai besoin de	1
here	dans ce cas-là	1
here we go	nous y voilà	1
how come	comment ça se fait	1
i will do	je vais faire	1
i am sorry	pardon	1
i can	je y arrive	1
i will be seeing you	on se reverra	1
if you will pardon	si vous me passez	1
immediately	tout de suite	1
impossible to bear	insupportable	1
in a miracle	comme par miracle	1
in a way	dans un sens	1
in between	entre les deux	1
in each case	à chaque fois	1
in fact	en réalité	1
in the	au cours des	1
in the wake of	sur les traces de	1
information info-graphic	données graphiques	1
instantly	sur-le-champ	1
instead	à la place	1
instead of	plutôt que	1
instead of	plutôt que d'	1
into the	au sein du	1
is a problem	pose un problème	1
is because	ce est que	1
it 's	il y a	1
it 's	on retrouve	1
it 's everything	il y a de tout	1
it goes like this	ce est comme ça	1
it turns out	il se trouve que	1
kind of	en quelque sorte	1
kindergarteners	les équipes de maternelle	1
let me be clear	je vais être très clair	1
life can exist	il peut y avoir de la vie	1
like	par exemple	1
like that	du même genre	1
linked together	liées entre elles	1
links them all	les relie entre elles	1
little peek	aperçu	1
many of you	beaucoup de gens	1
mass	quantité	1
meaning	ce est-à-dire	1
more	de plus en plus	1
move in	entrer dans	1
much higher-value	beaucoup plus puissants	1
much of	pas mal de choses en	1
multiple	de nombreuses	1
music sequencing	arrangement musical	1
must understand	comprenez bien	1
my birthday	le jour de ma naissance	1
my home in tennessee	mon tennessee natal	1
nation-state	nation en tant qu' état	1
not to mention	sans parler	1
notice that	s' en rendent compte	1
now	en ce moment	1
now	à présent	1
of course	bien entendu	1
of course	naturellement	1
ok	bon	1
on either side	des deux côtés	1
on our terms	à notre manière	1
on the top	au sommet	1
on the web	en ligne	1
on their way back	de retour	1
on top	au sommet	1
on top of	en plus de	1
on video watching this	qui regarderont la vidéo	1
one such person	une de ces personnes	1
or	ou bien	1
or any	ou autre	1
or so	quelques	1
original	premiers	1
other people	les autres	1
otherwise	sans cela	1
over	au cours de	1
part	point	1
part of	un extrait	1
pays close attention to	suit avec une grande attention	1
people	l' être humain	1
people	êtres humains	1
pop in	insérer	1
pop out	éjecter	1
punch line	point fort	1
put in	ajoute	1
put in	ajouter	1
putting together	assembler entre eux	1
reach out	tendre le bras	1
reaching out	tendant le bras	1
relative to	lié à	1
resequencing	séquençant à nouveau	1
reshape	transformer	1
reshuffles	mélange à nouveau	1
resident students	étudiants internes	1
right	parfait	1
right	voilà	1
right now	à cet instant	1
same thing	pareil	1
saved	mis de côté	1
screen snapshot	photo d' écran	1
see that insight	faire cette observation	1
self-reinforcing	auto-porteurs	1
sense each other	se reconnaître entre eux	1
serves to be	s' avère	1
shock therapy	des électrochocs	1
slice and dice	décortiquer	1
smuggled	emmené clandestinement	1
so	bon	1
so	pour qu'	1
so i can	pour pouvoir	1
so that	afin qu'	1
so that	de sorte que	1
so we could	de manière à pouvoir	1
so we could	pour pouvoir	1
somehow	quelque peu	1
sort of	en quelque sorte	1
sort of	un peu	1
spend any time	a passé une seule minute à	1
stab himself	se planter des choses	1
streaming trials	essais en flux	1
take a peek at these	y jeter un coup d' oeil	1
tease out	en extraire	1
tested	mis à l' épreuve	1
that 's	en voilà	1
that 's	soit	1
that way	comme ça	1
the extraordinary thing	ce qui est incroyable	1
the least amount of time	le temps le plus court	1
the very worst	du groupe des pires	1
then	dans ce cas	1
there are	il existe	1
there are no	il ne reste plus de	1
there was not	ce ne soit pas de	1
thesaurus	dictionnaire des synonymes	1
thesaurus	dictionnaires de synonymes	1
think	me dire	1
think	se disent	1
think about	songez à	1
think of it	la voir	1
think of this	réfléchissez	1
think of this	voyez ça	1
this is	il s' agit d'	1
this is	il s' agit de	1
this is	on a	1
this is one of them	en voilà une	1
thought	ai trouvé	1
time frames	laps de temps	1
to	afin d'	1
took away	s' est emparée de	1
topical area	thème	1
treating the wholeness of	prenant dans son intégralité	1
trying to	cherché à	1
underground	sous terre	1
was interested in	aimerait que	1
was standing	me tenais	1
was this one	voilà	1
was walking	se promenait	1
way of life	coutumes	1
we had to	il fallait	1
we have	il existe	1
well	tiens	1
what if	que se passe -t-il si	1
what to do	quoi faire	1
when	dès lors qu'	1
when it comes to	pour trouver	1
which is	soit	1
why is it	pourquoi donc	1
will look at them	en les regardant	1
with a very short period of time	en très peu de temps	1
within	d' ici	1
you are getting queasy	vous vous sentez mal	1
you can just	il suffit d'	1
you have	il y a	1
you know	vous voyez	1
your rooms	chez vous	1
are overreaching	voulions trop en faire	1
's clinging	tient	1
a fingertip	doigt	1
a series of	des	1
all kinds of	des tas d'	1
all kinds of	tout un tas d'	1
alternative	proposition	1
another	une	1
are killing	détruisent	1
arrange	met	1
audience	public	1
be putting lids	étouffer	1
blew my mind wide open	me a ouvert l' esprit	1
came	a été	1
case study	étude	1
cast shadows	assombrie	1
casting shadows on	assombrir	1
causes	fait que	1
curse	problème	1
demonstrate	montraient	1
drifted	nous dirigions	1
face	aspect	1
figure out	cherchent	1
get queasy easy	êtes sensibles	1
give	faire	1
grab hold of	tenir	1
hang light	voguent	1
heats up	affecte	1
help bring out	dire	1
homelands	les terres	1
in the second floor	de l' étage	1
inject	intègre	1
inject	intégrer	1
inside the	des	1
into a fold of	parmi	1
is carrying	contient	1
is hitting	affecte	1
jump	passer	1
jump right into	vous rendre directement sur	1
kill	détruire	1
killed	détruire	1
knew there 's a mechanism	en connaissions un	1
lhc	accélérateur	1
look up	regarder dans	1
looked up	regardé	1
looks	est	1
never sat right with me	ne me a jamais plu	1
on screen real estate	d' espace de l' écran	1
on top of	à	1
overshoot	en met trop	1
people	ceux	1
quarters	endroits	1
rapid in its melting	touchée	1
reignite	ont déclenché	1
repower	doter	1
run	passer	1
scraped from	récupérées sur	1
sea change	changement de tendance	1
sets of	des	1
shape	ramener	1
shaped into	donna	1
slipped outside	est sorti	1
some certain	un	1
starting with	en utilisant	1
suggest	dire	1
sweep under the rug	à écarter	1
takes out	prend	1
that digital information	elles	1
the dog	le	1
the people	ceux	1
the reason	ce	1
the team 's	ses	1
the thing	ça	1
thesaurus	dictionnaire	1
these organisms	ils	1
tightly	bien	1
torn apart to	réduits en	1
trickery	truc	1
understood	ai vu	1
want to	vais	1
want to start by	vais	1
was delivering	sortais	1
watermarks	des signatures	1
we are looking at right here	nous avons là	1
will never accomplish anything	ne feront rien	1
workers keep their pay	permet aux travailleurs d' économiser	1
will have	obtenir	1
will roll	fera avancer	1
am going to	ai envie de	1
am going to	veux	1
are looking at	visionne	1
are looking to	essayons de	1
are working to	cherchons à	1
's been a part of	est mentionné	1
's bringing out	fait lever	1
a lot of this is out there	il y en avait beaucoup d' exemples	1
actually	concrètement	1
added	rejeté	1
along with	avec l' aide de	1
are	deviennent	1
backing in	en vous approchant	1
be	devenir	1
be	être placé	1
beautiful	merveilleux	1
because of	grâce à	1
because of	à cause de	1
because of the	grâce aux	1
because of the	à cause des	1
being	devenir	1
bring	introduisons	1
bring out	révéler	1
bringing up all of them	en les affichant toutes	1
business	industrie	1
called	a intitulé	1
can see	allez le constater	1
carry	subventionnent	1
ccs	centimètres cubes	1
climate crisis	réchauffement climatique	1
collect myself	me resaisir	1
come off	tombe	1
come up with	créer	1
comes down to	se résume à	1
comes out	ressort	1
cross this tipping point	en venait à déclencher la diffusion de ce gaz	1
d 's	de niveau d	1
dirty	polluants	1
do	inventer	1
do that	pouvoir arriver à cette étape	1
does	en a	1
done	menée	1
done	mis au point	1
each other	la présence des autres	1
ends up	est rejeté	1
energy grid	réseau électrique	1
establish	imposer	1
existed	vivait	1
expand on that	explorer cette idée	1
few	groupe de	1
filter in	focaliser sur	1
for	en ce qui concerne	1
formed	s' est créé	1
from	à cause de	1
frozen ground	pergélisol	1
get	atteignons	1
get	comprendre	1
get	comprenez	1
get	devenir	1
get	se retrouvent	1
get	tire	1
get	trouve	1
get my sleeve back	retrousse ma manche	1
get to	peut	1
gets	devient	1
given	condamnée à	1
go	avance	1
go	continuer	1
go	passer	1
go	se disent	1
go to	prenez	1
good	agréable	1
got	ai reçu	1
got expressed	a été produit à partir de notre chromosome	1
got to	ai atteint	1
had	avons créé	1
had done	effectua	1
had on	portais	1
has	possède	1
has	possédant	1
has any	ne possède de	1
has been around	existe	1
has been moving	a augmenté	1
have	disposons	1
have	détenons	1
have	possèdent	1
have	possèdons	1
have	produisent	1
have	réaliseront	1
have	sont équipés d'	1
helped	a contribué à	1
in that	sur ce pied-là	1
is	est issue d'	1
is	représente	1
is about	consiste à	1
is to	consiste à	1
it	ce génome	1
it	ce thème	1
it	l' enzyme	1
it	la rivière	1
it	la suite	1
it	le charbon	1
it	le chromosome résultant	1
it 's	cela représente	1
it 's	ça consiste à	1
it 's just	tout ça grâce à	1
it rolls it	la vidéo reviendra	1
large	énormes	1
leave you with	vous transmettre	1
live	survivre	1
look at	considère	1
look at	consulter sur	1
made	avons créé	1
made	créée	1
made	fabriquer	1
made up	créé	1
make	créer	1
make	former	1
make	synthétiser	1
makes	donne	1
making	construire	1
making	créer	1
mention	préciser	1
move	avancer	1
moves from	s' écarte de	1
moves on	évolue	1
moving	transférant	1
now	aujourd'hui	1
one	l' idée	1
one	seule	1
ones	centrales	1
panning through	navigue dans	1
people	participants	1
performance	concert	1
piece	article	1
point	avancée	1
point	étape	1
pop	ressortent	1
pop right back	revenir directement	1
produced	paru	1
put	ajoute	1
put	avons inséré	1
put	introduit	1
put it back together	s' est réparé	1
put out	diffuser	1
put up	mis en ligne	1
reaches	se jette dans	1
released from	éjectées de	1
repower	donnons une nouvelle énergie à	1
repowering	donner une nouvelle énergie à	1
science	découvertes scientifiques	1
see	discerner	1
select for	privilégier	1
separating from	séparer par note	1
shifts	change de place	1
showering	a bombardé	1
some neat	de belles	1
something to	un aspect qu' il faut	1
somewhere	un autre organisme	1
species	des organismes	1
species	organisme	1
start with	utiliser	1
states	crises	1
take	propager	1
take	récupérer	1
take	survivre à des niveaux de	1
taken	ramené	1
taken up	intégré	1
takes	transforme	1
that	l' organisme	1
that	la situation	1
that	le continent	1
that have been cancelled	dont la construction a été abandonnée	1
the future	nos créations futures	1
the planet	terre	1
them	photos	1
there are	cela ouvre	1
there was done	a été réalisée	1
these two	le microbe et la bactérie	1
they	les résultats	1
things	aspects	1
things	produits	1
this	ce travail	1
this	le logiciel	1
this	le résultat	1
those	personnes	1
through	grâce à	1
to	destinée à	1
took	conduirent	1
try	explorer	1
turn us from to	nous permettra de faire d' un un	1
use	consommons	1
very beautiful	magnifique	1
view	constater	1
viewing	consulter	1
visual effects	des effets spéciaux	1
was going to	se mette à	1
was like	sert de	1
was looking at	ai consulté	1
we put them in	utilisés	1
well	loin	1
well	à bon escient	1
went about	se sont mis à	1
went onto	accédait à	1
were never going to make	ne gagneraient jamais	1
what if	qu' adviendrait -il	1
what this is doing	à quoi ressemble cette tendance	1
will	continuerai à	1
will go	diront	1
work up	sortir	1
wrapped	cachées	1
you are queasy	vous ne supportez pas la vue du sang	1
you go	vous vous dites	1
would like you to think about	aimerai vous montrer	1
are starting with	partez des	1
have argued	pense	1
two zero feet	six mètres	1
two zero inches	cinq zéro centimètres	1
a billion gallons	trois milliards de litres	1
a foot	une trentaine de centimètres	1
a mile and a half	deux cinq zéro zéro m	1
abilities	potentiel	1
advertising effort	campagne de communication	1
all over the country in america	de tous les etats-unis	1
and what happens	et alors	1
answer people 's questions	quand on me pose des questions	1
are asked	doit donner	1
are grading	qualifions	1
are interested in	s' intéressent à	1
assumptions	préjugés	1
at our very fundamental core	au niveau le plus fondamental de notre être	1
bad	difficile	1
based on	en se fondant sur	1
based on	à partir de	1
be as far as it went	s' arrêter là	1
be described by	correspondre à	1
been engaged in	participé à	1
before	déjà	1
being driven	emportés	1
boiling-water temperatures	des températures de un zéro zéro ° c	1
build	assembler	1
but when they go away so does much of the drinking water	ce est autant d' eau potable de perdue	1
called	que l' on nomme	1
can easily be	on peut facilement	1
carbon based fuels	carburants émetteurs de co deux	1
challenge	compétition	1
changed	ont été modifiées	1
chewed it up	l' a avalé	1
consistent	répété	1
consists of	est constitué de	1
deep lessons	de grandes leçons	1
design into this	avons pu intégrer	1
design the process a little bit further	aller plus loin dans le processus	1
drive	alimenter	1
embrace	comprendront	1
embrace	profiter d'	1
engage	exploiter	1
engage with	développer	1
ensuing	futurs	1
every one of us	chaque personne	1
explore	étudier	1
find out more	renseignez -vous	1
flipped me out	me a secoué	1
forces	des courants	1
gave us	a fait apparaître	1
get interested	s' y intéressent	1
get mixed	se mélangent	1
give an update on	mettre au courant	1
given	en ayant	1
global warming pollution	pollution à effet de serre	1
go much larger	voir plus grand	1
go up or down	sortir de	1
goes up or down	ne rentre ni ne sort de	1
got the biggest cheer	a été reçu avec d' aussi grandes acclamations	1
had been made	on avait fait	1
had just come from walking	errait dans	1
hard truth	vérité nue	1
has procured	me a apportée	1
has to be	il faut qu' soient	1
have at hand	avons devant nous	1
have we met	nous nous connaissons	1
he gets to	à lui de	1
he wanted to do	ce qui l' intéressait	1
he went by dr. p	il est devenu dr p	1
heated up	s' est échauffé	1
help stop	lutter contre	1
if you can not	à part	1
ignite	réveiller	1
increase what the basic question is of	chercher juste la réponse à la question	1
innumerable	interminable	1
into a series	à la suite	1
is in a sense	on peut voir comme	1
is marked	apparaissent	1
it 's gone from	on est passé de	1
it 's held	il tient	1
it 's nothing if not ambitious	ce est véritablement ambitieux	1
it 's over weight	sa masse est supérieure à	1
it 's powered by	cela fonctionne avec	1
it 's such a large molecule	cette molécule est tellement grande qu'	1
it does not show	on ne voit pas	1
it exhausts all the	on atteint les limites des	1
it took	cela s' est fait en	1
it was going from the	nous l' avons transposé du	1
kind of	plutôt	1
kind of neat	pas mal	1
know	saura dire	1
know	voir	1
link together	liées entre elles	1
links to	est liée à	1
look at in the context	la remettez dans son contexte	1
lower four eight states	etats-unis sans l' alaska	1
man	bonhomme	1
mean	représenter	1
meet it well	soient à la hauteur	1
modern	nouveau	1
my playing the music	la musique que je jouais	1
never would have been able to be booted up	ne aurait jamais fonctionné	1
nice one	pas mal	1
one inch	trois centimètres	1
one yard	un mètre	1
orienting themselves to	prendre leurs marques par rapport à	1
out of	à partir de	1
phase	moment	1
play	travailler	1
plight	difficultés	1
potency	potentiel	1
pour back	en enlever	1
pretty good	pas mal	1
processing	ce que l' on peut créer avec	1
read	vu	1
really	bien	1
really	extrêmement	1
rezéro zéro	jeunes	1
right now	là	1
rubbish	pollution	1
saw it on the news	en avez entendu parler	1
second grade	ce un	1
see a lot of it	la vois en grand	1
serious	inquiétantes	1
seven-inch	de un huit cm	1
shallow	peu profonds	1
small	réduite	1
small	simple	1
sound familiar	ça vous rappelle quelque chose	1
source	producteur	1
started down the road of	nous sommes attelés à ce problème	1
step back out	s' éloigner	1
struggle	l' épreuve	1
struggle	épreuve	1
that 's not where it stops	ça ne s' arrête pas là	1
that 's what you have all heard about with	comme ce qu' on fait pour	1
that can be changed	nous pouvons changer cela	1
that have that character shown on them	présentant ce personnage	1
that scar has stayed with him	il a souffert de ce traumatisme	1
that will confront us	auxquels nous serons confrontés	1
the next	l' autre	1
the question is whether we will be	ce qui ne est peut-être pas notre cas	1
the smallest	le plus simple	1
then put sets of those going up to	eux-mêmes assemblés pour arriver à	1
there is	est stockée	1
there is	y est	1
these are pictures	ces photos ont été prises	1
they are able to be moved around	on peut les déplacer	1
they are running out of time	le délai se rapproche	1
they can go together	qu' il faudra assembler	1
they run out of time	ils ne leur reste plus de temps	1
they were seen	ils les voyaient	1
they were told	on leur disait	1
they will not any longer grow readily	on ne peut plus les faire croître facilement	1
think	disons que	1
think of it in the terms that i do	regardiez la chose comme moi	1
thirty-nine inches	un mètre	1
this gets at	on en arrive à	1
this is right here	vous avez sous les yeux	1
times	occasions	1
to be found	à en tirer	1
to get us out of this mess	pour nous en sortir	1
to hide	caché	1
to put it in context for myself	si je rapporte cela à ma personne	1
today 's	actuelle	1
too	et même qu'	1
travel	passer	1
trying to optimize processes	les processus que l' on peut optimiser	1
turned into a movie	adapté à l' écran	1
turns into an	se termine en	1
until you move through it	sans l' avoir vue	1
was lost	avait l' air perdu	1
waste	pollution	1
we are actually starting at	nous en sommes maintenant à	1
we are looking at	on a devant les yeux	1
we are trying to get to the point of	ce que nous recherchons ce est	1
we can just chew back with	ils soient légèrement rognés par	1
we might be able to	pouvoir aller beaucoup plus loin que	1
what 's called	ce qu' on appelle	1
what is it about them	qu' ont -ils de spécial	1
what the point here	le vrai but de tout ça	1
when you think of	imaginez	1
where we have never been before	ce qui ne a jamais été réalisé	1
who are interested	que cela intéresse	1
will be coming out relatively soon	ne vont pas tarder à apparaître	1
within	par le biais de	1
will not spend any time on	vais passer très rapidement	1
would put it on an exponential curve	montrerait un début de croissance exponentielle	1
years from now	des années plus tard	1
you have heard a lot about it	on ne parle que de ça	1
you get assigned	est attribuée	1
you hear about	qui nous sont communiquées	1
you want to ask	qu' on se pose	1
am only showing	ne montre que	1
are a year behind	avons une année de retard	1
are about to	allons	1
's about	s' agit de	1
's empowered	a des capacités	1
's equal to	représente	1
's okay	va bien	1
a dollar short	il nous manque un dollar	1
a scan	scannée	1
a simple	juste un	1
act as	jouent le rôle de	1
acting as	dans le rôle de	1
adapt	adaptation	1
adaptable	capable de s' adapter	1
add	avec	1
adjazéro zéro	qui ne était pas loin	1
ago	précédente	1
all of	tout ce qui parle de	1
all that it takes to	la seule chose qui	1
all we did was	nous avons juste	1
an interesting thing	intéressant	1
are a better match to	correspondent mieux à	1
are beyond	dépassent	1
around	situé autour de	1
around the world	global	1
around us	qui nous entoure	1
as a result	il en résulte qu'	1
asked	posé la question	1
aspirin shaped	la forme d' une aspirine	1
at	quand il fait	1
autograph it	mis notre autographe	1
become greater	s' accroissent	1
brave	de bravoure	1
brought it into existence	la faisait exister	1
call into existence	faire exister	1
can do this	ont cette capacité	1
central	du milieu	1
change things quite dramatically	faire des changements radicaux	1
coal	charbonneuse	1
colliding with	est entré en collision avec	1
color it blue	de couleur bleue	1
combinatorial	par combinaison	1
come in	fait éruption	1
computationally	par calcul informatique	1
computer vision	de vision informatisée	1
computer vision	vision informatisée	1
correctly	comme correct	1
crude	à l' état brut	1
deceptive	une illusion	1
deep	de profondeur	1
deep ocean	fond des océans	1
designing	la conception	1
digitizing life	numérisation de la vie	1
discovering	la découverte	1
do a complete transplant of	transplanter entièrement	1
do a disservice	ne rendons pas service	1
do nots	ne fais pas	1
entire	ensemble de	1
essence	base essentielle	1
ever-growing	de plus en plus grandes	1
everyday	du quotidien	1
evolutionary tree	arbre de l' évolution	1
expected	qu' ils peuvent attendre	1
extending westward	vers l' ouest	1
fearful	craignant	1
finally	en un mot	1
finally	à la fin	1
for	suite à	1
for a few minutes	quelques minutes	1
foreign	que nous importons	1
forward	de progresser	1
free-standing	tenant debout	1
from	produit par	1
from	provenant d'	1
from around the world	venus du monde entier	1
gave an introduction to	ai presenté	1
get out of	ne plus	1
get significantly better	augmentent de manière significative	1
gold	d' or	1
grasping	prenant en main	1
greatest	le meilleur de	1
healthy	en bonne santé	1
his declaration of me as	le fait qu' il me ait déclaré	1
hopefully	en espérant	1
hopefully	espérons -le	1
how	de quelle façon	1
how	des raisons pour lesquelles	1
how	la façon dont	1
how	la manière dont	1
how	à quel point	1
how big are	la taille de	1
how big are	la taille des	1
how it unfolds	le dénouement	1
how perform	quelles sont les résultats	1
how to	la manière de	1
how we	notre façon de	1
how we	notre manière de	1
how we understand	notre façon de comprendre	1
human	de l' homme	1
human-computer	entre humains et ordinateurs	1
i have argued	selon moi	1
i think	d' après moi	1
i think	selon moi	1
ice melting	la fonte des glaces	1
if we do	si ce est possible	1
implicit in	ce que sous-entend	1
in a diverse way	dans toute sa diversité	1
in a nutshell	pour résumer	1
in abundance	une grande quantité de	1
in length	de long	1
in other words	autrement dit	1
in our discovery	nous avons découvert	1
in southwest greenland	au sud-ouest du groenland	1
in terms of some of the needs	quand on regarde nos besoins	1
in that	dans le sens où	1
in the end	pour finir	1
in the exact same way	exactement de la même manière	1
in this simple way	simplement de cette manière	1
in winter	hivernales	1
inadvertently	par mégarde	1
including	dont	1
increasing rapidly	en augmentation rapide	1
inherently	par définition	1
inherently	par nature	1
instant	instantanément	1
instrumental	l' instrument	1
interestingly	de façon interessante	1
is a problem	est problématique	1
is bubbling up out of	sort de en bouillonnant	1
is in crisis	est confrontée à plusieurs crises	1
is meaningful	a un sens	1
is only ago	ne a que	1
is the most serious problem	encore plus	1
it 's the case	ce est vrai	1
its metabolic	de son métabolisme	1
just	ne que	1
just	ne rien qu'	1
just	rien que	1
just gave	viens de donner	1
keep handy	ai sous la main	1
keeps repeating them	les répète sans cesse	1
kind of	d' une certaine manière	1
kind of like	une espèce de	1
laid-up	sur le flanc	1
language learners	ceux qui apprennent des langues	1
later	après	1
leave that up to us	laissez -nous nous en occuper	1
left to their own devices	on le laisse se débrouiller	1
let 's take a tour of	visitons	1
let 's up the ante	montons les enjeux	1
like an odd thing	bizarre	1
live	en direct	1
live	en ligne	1
living homeless	sans-abri	1
looking for	faisant des recherches pour	1
loud	à haute voix	1
made that shift in thinking	a changé sa façon de penser	1
make a little pierce	percer un peu	1
make emergent	font émerger	1
make it seem real	lui donner l' apparence de la réalité	1
making it longer or shorter	l' allonger ou la raccourcir	1
many	des tas d'	1
many	un ensemble de	1
measurably	de façon mesurable	1
melting	au dégel	1
meshes with	qui va dans le sens de	1
methodologically	de façon méthodologique	1
most	la majorité des	1
moving back	retrait	1
myriad cultures of the world	mélange de cultures mondiales	1
next	à venir	1
no more	la fin des	1
nomadic people	peuple de nomades	1
non-image	qui ne est pas une image	1
of	au sujet de	1
of being	au fait d' être	1
of monotony	monotone	1
of my being an amputee	que je sois amputée	1
of survival	à survivre	1
of use	utile	1
on the order of	environ	1
one reason is	parce que	1
only	ne plus que	1
only	ne qu'	1
only	ne que	1
only	ne que	1
open-ended	avec une fin ouverte	1
or so	près d'	1
originally	à l' origine	1
out	ça sort de	1
overland	par voie terrestre	1
particular	en particulier	1
professional	de professionnels	1
pure	purement	1
put together	réunis	1
raggedy	en loques	1
reading	la lecture de	1
really	en réalité	1
really large pieces	des tailles de morceaux importantes	1
reduced to the margins of	en marge de	1
related spatially	reliées entre elles dans l' espace	1
related to	avait un lien avec	1
related to	en rapport avec	1
remotely	à distance	1
roughly two zero	une vingtaine d'	1
rugged	en haillons	1
say who they all are	donner tous leurs noms	1
seamlessly and continuously	de manière continue et fluide	1
significantly	de manière significative	1
sketch	font des croquis	1
so	pour que	1
so many more	tellement d' autres	1
so they can	de manière à pouvoir	1
so we could	afin de pouvoir	1
sophisticated	la sophistication de	1
southeast asia	sud-est de l' asie	1
southeastern tibet	le sud-est du tibet	1
spatial	dans l' espace	1
spend a large sum of money	dépenser massivement	1
stalled	en panne	1
stamp a letter into it	avec une lettre en creux	1
standing	qui tient debout	1
standing	tenant debout	1
state-of-the-art	de pointe	1
step back	prendre un peu de recul	1
stopped being	ne étaient plus	1
storytelling	raconter des histoires	1
storytelling institution	institution de contes	1
such a	vraiment une	1
such a powerful image	une image tellement puissante	1
suddenly	d' un coup	1
sympathetic with	qui compatissons avec	1
synthesizing	la synthèse	1
take a good long look	regardez bien	1
than ever	que par le passé	1
that can	capable de	1
that seems to be	donnant l' impression d'	1
the early one nine eight zero s	au début des années huit zéro	1
the northern	au nord	1
the point is	ce que je veux dire ce est que	1
the point is	ce que je veux dire	1
the proposal has been to	ils projettent de	1
the reason why	la raison pour laquelle	1
the source was	elle venait d'	1
the ultimate in placebo	le placebo ultime	1
the worst of which can manifest themselves as	dans les pires de leurs manifestations	1
there 's been a shift in my thinking	ma façon de penser a changé	1
there has been a decline	a diminué de	1
through	traversant	1
to adapt to	d' adaptation	1
top	du haut	1
treacherous	la traîtrise des	1
treatment	se soigner	1
try things	faire des essais	1
turned in	tournés vers l' intérieur	1
turns out	en fait	1
unforgiving	sans pitié	1
unmarked by	sans trace de	1
unsuccessfully	sans succès	1
until	tant que ne pas	1
using	l' utilisation de	1
vision impairment	l' altération visuelle	1
want to avoid	à éviter	1
we are trying to ask	la question ce est	1
we have made it our primary goal to	nous avons décidé de	1
we can	il est possible de	1
well the truth is	à vrai dire	1
went through our error correction	corrigé les erreurs	1
were performing at a-level	avaient des résultats de niveau a	1
west antarctica	la région ouest de l' antarctique	1
western china	l' ouest de la chine	1
what about	et si on	1
what that picture is of	sujet de cette photo	1
when	au moment où	1
when you go into	pour	1
when you step back	en prenant du recul	1
where	l' endroit où	1
whether or not	dire si oui ou non	1
while it plays	pendant la lecture	1
who does the very best	qui sont vraiment les meilleurs	1
why	pour laquelle	1
wireless	sans fil	1
with it	l' utilisa pour	1
with serious physical injury	qui étaient gravement blessés	1
worth noting	notable	1
you are off	vous êtes partie	1
you can not	il est impossible de	1
zoomable technology	technologie de zoom	1
zooming in	fait des zooms avant	1
are less burdened by	est moins un fardeau	1
a great deal	pas mal de choses	1
a violin lesson with me	je lui donne un cours de violon	1
about	une histoire de	1
arrived late for by two weeks	avais deux semaines de retard sur	1
as just one gene changing	se produit par la modification d' un gène	1
at an exponential pace	de manière exponentielle	1
be able to	nous permettre de	1
became the basis for	ont inspiré	1
broader	en élargissant	1
building on	la prolongation de	1
by virtue of	étant capable de	1
damian 's special-grown flesh	la chair que fait pousser damian	1
except to	si ce ne est pour	1
finally froze solid	finit par geler	1
forced into settlements	avons colonisés de force	1
get real	passer à l' action	1
give you good close look at this	vous montrer de près	1
going all the way around	qui a effectué un tour complet de	1
going narrower	en affinant	1
grows in complexity	devient de plus en plus complexe	1
have this kind of reception	être reçu de cette manière	1
initially	pour commencer	1
is believed in enough	peut être tellement crédible	1
is now in negative ice balance	perd désormais de la glace	1
is out there	il y a ici	1
it 's going to be a stretch	ça sera d' autant plus difficile	1
it does not matter how much	ce quelle que soit la quantité d'	1
juilliard-trained	issu de juilliard	1
juilliard-trained	issu de l' école juilliard	1
make us more secure	favoriser la sécurité du pays	1
no they do not	ça ne est pas le cas	1
nothing goes up or down my sleeve	il ne y a rien dans mes manches	1
only had	ne dispose que d'	1
piped to sites	transporter sur place par tuyaux	1
repeatedly told otherwise	on lui répète le contraire	1
right	qui marchera	1
shoot a video	sous l' œil de la caméra	1
such that there 's a single letter designation for	étant lui-même désigné par une lettre qui lui est propre	1
talk about	comment	1
that 's big enough to solve	à la hauteur de	1
that melting flow	la fonte des glaces	1
the face behind	ce qui se cache derrière	1
the largest mountaintop miner	l' exploitant qui a le plus recours aux minages de sommets	1
the universe began	la naissance de l' univers	1
to be interested in	comme sujet de prédilection	1
trapped in	prisonnier	1
unprecedented	on ne a jamais vu ça	1
unsustainable	impossible de continuer sur	1
we are on the cusp of	s' annonce	1
we were in with	qu' avec	1
what looks like	quel est	1
what this is about	le sujet	1
